2009436,Israel,BN.KLT.DINV.CD,20.000000,1.26491565636e-09
2009436,Israel,BN.KLT.DINV.CD,3000000000.000000,1.29582221385e-10
2040406,China,FP.CPI.TOTL.ZG,4.400000,5.65213585067
2056179,Turkey,BN.KLT.DINV.CD,2600000000.000000,2.34520471521e-33
2056179,Turkey,SP.DYN.LE00.IN,2600000000.000000,9.90044110451e-08
2056179,Turkey,BN.KLT.DINV.CD,1500000.000000,2.74464663025e-23
2056179,Turkey,SP.DYN.LE00.IN,1500000.000000,4.48195438301e-13
2056179,Israel,BN.KLT.DINV.CD,2600000000.000000,1.83805515481e-10
2056179,Israel,SP.DYN.LE00.IN,2600000000.000000,3.24659732812e-07
2056179,Israel,BN.KLT.DINV.CD,1500000.000000,1.26372559437e-09
2056179,Israel,SP.DYN.LE00.IN,1500000.000000,1.55781195208e-81
2099012,Pakistan,BN.KLT.DINV.CD,500000000.000000,1.72667294842e-08
2099012,Pakistan,BN.KLT.DINV.CD,7500000256.000000,6.40014305184e-13
2116124,US,BN.KLT.DINV.CD,8300000256.000000,90
2116124,Australia,BN.KLT.DINV.CD,8300000256.000000,2.76920700788e-40
2116124,Singapore,BN.KLT.DINV.CD,8300000256.000000,1.93686434384e-16
2153057,Estonia,BN.KLT.DINV.CD,25.000000,4.13560663688e-08
2153057,Estonia,BN.KLT.DINV.CD,6.000000,4.13560672428e-08
2164343,Canada,BN.KLT.DINV.CD,60.799999,90
2164343,Canada,BN.KLT.DINV.CD,11.700000,90
2164343,Canada,BN.KLT.DINV.CD,10499999744.000000,4.48741064533e-09
2170252,India,BN.KLT.DINV.CD,126.000000,4.05364808241e-14
2170252,India,BN.KLT.DINV.CD,11000000512.000000,1.44901251439e-33
2185244,Hungary,BN.KLT.DINV.CD,5.500000,5.40181564303e-09
2185244,Hungary,FP.CPI.TOTL.ZG,5.500000,90
2185244,Hungary,BN.KLT.DINV.CD,0.290000,5.40181567212e-09
2185244,Hungary,FP.CPI.TOTL.ZG,0.290000,4.8353744669
2185244,Hungary,BN.KLT.DINV.CD,25.000000,5.40181553418e-09
2185244,Hungary,FP.CPI.TOTL.ZG,25.000000,0.290693944887
2185244,Hungary,BN.KLT.DINV.CD,3.000000,5.40181565699e-09
2185244,Hungary,FP.CPI.TOTL.ZG,3.000000,90
2186755,Afghanistan,BN.KLT.DINV.CD,1587573248.000000,1.21200064308e-177
2195967,US,BN.KLT.DINV.CD,1388534400.000000,90
2195967,US,SP.DYN.LE00.IN,1388534400.000000,1.87954093575e-25
2195967,US,BN.KLT.DINV.CD,1.000000,90
2195967,US,SP.DYN.LE00.IN,1.000000,8.48139971077e-142
2195967,Afghanistan,BN.KLT.DINV.CD,1388534400.000000,1.2888094023e-139
2195967,Afghanistan,SP.DYN.LE00.IN,1388534400.000000,90
2195967,Afghanistan,BN.KLT.DINV.CD,1.000000,1.94731575002e-07
2195967,Afghanistan,SP.DYN.LE00.IN,1.000000,3.42673732018e-10
2205376,Belgium,BN.KLT.DINV.CD,2100.000000,5.62712133576e-09
2205376,Belgium,BN.KLT.DINV.CD,31000000512.000000,1.20530651223e-13
2205376,Belgium,BN.KLT.DINV.CD,32115853312.000000,5.65731399804e-14
2225954,Indonesia,BN.KLT.DINV.CD,94672800.000000,1.81319119056e-10
2225954,Indonesia,EG.ELC.PROD.KH,94672800.000000,3.09645366454e-15
2225954,Indonesia,BN.KLT.DINV.CD,5.000000,1.95884653125e-10
2225954,Indonesia,EG.ELC.PROD.KH,5.000000,3.09645364891e-15
2225954,Indonesia,FP.CPI.TOTL.ZG,5.000000,0.250398027693
2233413,Togo,BN.KLT.DINV.CD,6500000.000000,2.34441378877e-07
2233413,Togo,SP.POP.TOTL,6500000.000000,90
2239574,Indonesia,BN.KLT.DINV.CD,230000000.000000,1.62154049545e-10
2239574,Indonesia,SP.POP.TOTL,230000000.000000,90
2268301,Jamaica,BN.KLT.DINV.CD,1988.000000,6.7577253268e-08
2268301,Jamaica,SP.POP.TOTL,1988.000000,7.4550113769e-17
2268301,Jamaica,BN.KLT.DINV.CD,233.000000,6.75774635524e-08
2268301,Jamaica,SP.POP.TOTL,233.000000,7.17731903024e-17
2268301,Jamaica,BN.KLT.DINV.CD,64.820801,6.75774837036e-08
2268301,Jamaica,SP.POP.TOTL,64.820801,7.15124784483e-17
2268301,Jamaica,BN.KLT.DINV.CD,45.000000,6.75774860785e-08
2268301,Jamaica,SP.POP.TOTL,45.000000,7.14818135285e-17
2268301,Jamaica,BN.KLT.DINV.CD,1000000000.000000,8.39386586224e-10
2297334,Germany,BN.KLT.DINV.CD,10000000000.000000,5.30681905392e-11
2297334,Germany,BN.KLT.DINV.CD,12700000256.000000,8.86688654912e-09
2299994,Portugal,BN.KLT.DINV.CD,4000000000.000000,2.78737280271e-10
2306220,Germany,BN.KLT.DINV.CD,12400000000.000000,9.64842615669e-09
2306220,Germany,BN.KLT.DINV.CD,2010.000000,1.66883883663e-10
2306220,Germany,BN.KLT.DINV.CD,32.000000,1.66883559188e-10
2306220,Germany,BN.KLT.DINV.CD,52.000000,1.66883562469e-10
2306220,Germany,BN.KLT.DINV.CD,9800000512.000000,1.26834085106e-08
2306385,Israel,BN.KLT.DINV.CD,20.000000,1.26491565636e-09
2306385,Israel,SP.POP.TOTL,20.000000,1.09133404452e-05
2306385,Israel,BN.KLT.DINV.CD,7600000.000000,1.25889489989e-09
2306385,Israel,SP.POP.TOTL,7600000.000000,90
2312091,Canada,BN.KLT.DINV.CD,9500000256.000000,90
2312091,Canada,BN.KLT.DINV.CD,12.000000,90
2312091,US,BN.KLT.DINV.CD,9500000256.000000,90
2312091,US,BN.KLT.DINV.CD,12.000000,90
2317053,Australia,BN.KLT.DINV.CD,2010.000000,1.06594582695e-18
2317053,Australia,BN.KLT.DINV.CD,17.000000,1.0659555744e-18
2317053,Australia,BN.KLT.DINV.CD,40.000000,1.06595546191e-18
2317053,Australia,BN.KLT.DINV.CD,8300000256.000000,8.13037152787e-42
2317053,Singapore,BN.KLT.DINV.CD,2010.000000,3.58114964133e-10
2317053,Singapore,BN.KLT.DINV.CD,17.000000,3.58115592474e-10
2317053,Singapore,BN.KLT.DINV.CD,40.000000,3.58115585223e-10
2317053,Singapore,BN.KLT.DINV.CD,8300000256.000000,5.88710817066e-15
2340222,Afghanistan,BN.KLT.DINV.CD,2004.000000,2.84590214705e-07
2340222,Afghanistan,BN.KLT.DINV.CD,2001.000000,2.65524310467e-07
2356527,China,SP.POP.TOTL,2008.000000,3.13805368628e-16
2356527,China,SP.POP.TOTL,160000000.000000,2.34265488596e-14
2356527,China,SP.POP.TOTL,60.000000,3.13787901173e-16
2356527,China,SP.POP.TOTL,12.000000,3.13787470776e-16
2356527,China,SP.POP.TOTL,1300000000.000000,1.58379996938e-07
2404777,Afghanistan,BN.KLT.DINV.CD,560000.000000,1.91893241518e-07
2404777,Afghanistan,SP.POP.TOTL,560000.000000,2.68738434719e-06
2404777,Afghanistan,BN.KLT.DINV.CD,28000000.000000,8.39865084038e-08
2404777,Afghanistan,SP.POP.TOTL,28000000.000000,90
2407806,Brazil,BN.KLT.DINV.CD,11000000512.000000,1.7574228393e-11
2451466,Georgia,BN.KLT.DINV.CD,14000000000.000000,1.58703142016e-256
2451466,Georgia,BN.KLT.DINV.CD,8300000256.000000,2.56307013083e-100
2457332,Colombia,BN.KLT.DINV.CD,0.200000,6.28600391126e-11
2457332,Colombia,BN.KLT.DINV.CD,28000000.000000,6.10074404254e-11
2466642,Argentina,BN.KLT.DINV.CD,7.000000,1.59627306639e-11
2481087,Italy,BN.KLT.DINV.CD,20.000000,7.62797074352e-09
2481087,Italy,BN.KLT.DINV.CD,292010.000000,7.62871732208e-09
2481087,Italy,BN.KLT.DINV.CD,178000.000000,7.62842581357e-09
2481087,Italy,BN.KLT.DINV.CD,1.000000,7.62797069494e-09
2482831,Romania,BN.KLT.DINV.CD,22000000.000000,8.32586881395e-09
2482831,Romania,SP.POP.TOTL,22000000.000000,1.14074178428e-05
2482831,Romania,BN.KLT.DINV.CD,40.000000,8.37845974201e-09
2482831,Romania,SP.POP.TOTL,40.000000,2.2442549053e-40
2521472,Israel,BN.KLT.DINV.CD,5500000.000000,1.26055630401e-09
2521472,Israel,SP.POP.TOTL,5500000.000000,90
2534384,Cambodia,BN.KLT.DINV.CD,3000000.000000,5.53732666087e-11
2534384,Cambodia,BN.KLT.DINV.CD,2009.000000,4.65130053927e-09
2534384,Cambodia,BN.KLT.DINV.CD,2.000000,4.65135923574e-09
2534384,Cambodia,BN.KLT.DINV.CD,54.000000,4.65135771495e-09
2534384,Cambodia,BN.KLT.DINV.CD,2461492736.000000,3.1589878484e-24
2534384,Cambodia,BN.KLT.DINV.CD,946728000.000000,6.80591928515e-13
2552348,Australia,BN.KLT.DINV.CD,600.000000,7.46725325659e-18
2552348,Australia,BN.KLT.DINV.CD,9.000000,7.46727266433e-18
2552618,Thailand,BN.KLT.DINV.CD,0.000000,90
2552618,Thailand,BN.KLT.DINV.CD,2010.000000,1.14064068635e-08
2552618,Thailand,BN.KLT.DINV.CD,3000000000.000000,7.20863377635e-09
2564223,India,BN.KLT.DINV.CD,10000000000.000000,3.15680964067e-31
2564223,India,BN.KLT.DINV.CD,54000.000000,4.0530745809e-14
2609258,Afghanistan,BN.KLT.DINV.CD,10.000000,1.94731529186e-07
2609258,Afghanistan,BN.KLT.DINV.CD,5.000000,1.94731554639e-07
2609258,Afghanistan,BN.KLT.DINV.CD,0.210000,1.94731579023e-07
2611509,Netherlands,BN.KLT.DINV.CD,5300000256.000000,1.59444019627e-09
2611509,Iceland,BN.KLT.DINV.CD,5300000256.000000,2.39623373676e-10
2619357,Sweden,BN.KLT.DINV.CD,9000000.000000,90
2619357,Sweden,SP.POP.TOTL,9000000.000000,90
2623971,China,SP.POP.TOTL,1300000000.000000,90
2636054,Italy,BN.KLT.DINV.CD,500.000000,7.62797197082e-09
2636054,Libya,BN.KLT.DINV.CD,500.000000,90
2639408,Singapore,BN.KLT.DINV.CD,1.000000,6.01194926845e-11
2639408,Singapore,SP.POP.TOTL,1.000000,1.11335442351e-05
2639408,Singapore,BN.KLT.DINV.CD,5080000.000000,5.97914678238e-11
2639408,Singapore,SP.POP.TOTL,5080000.000000,90
2639408,Singapore,BN.KLT.DINV.CD,0.310000,6.01194927291e-11
2639408,Singapore,SP.POP.TOTL,0.310000,1.11335327805e-05
2639408,Singapore,BN.KLT.DINV.CD,2010.000000,3.58114964133e-10
2639408,Singapore,SP.POP.TOTL,2010.000000,1.04739970398e-09
2693702,Israel,BN.KLT.DINV.CD,22009.000000,1.26489820433e-09
2700798,Greece,BN.KLT.DINV.CD,5000000000.000000,7.75259651165e-11
2700798,Greece,BN.KLT.DINV.CD,6800000000.000000,1.53438797161e-12
2721574,Poland,BN.KLT.DINV.CD,2011.000000,2.46946516578e-12
2721574,Poland,FP.CPI.TOTL.ZG,2011.000000,1.69976587819e-106
2721574,Poland,BN.KLT.DINV.CD,3.500000,2.46947752973e-12
2721574,Poland,FP.CPI.TOTL.ZG,3.500000,0.429015718522
2721574,Poland,BN.KLT.DINV.CD,2.300000,2.46947753712e-12
2721574,Poland,FP.CPI.TOTL.ZG,2.300000,0.427531126958
2756025,Canada,BN.KLT.DINV.CD,9500000256.000000,90
2863572,Brazil,BN.KLT.DINV.CD,4.500000,1.70829552338e-09
2863572,Brazil,FP.CPI.TOTL.ZG,4.500000,90
2863572,Brazil,BN.KLT.DINV.CD,2012.000000,1.38168523893e-09
2863572,Brazil,FP.CPI.TOTL.ZG,2012.000000,0.000971167151248
2889786,Netherlands,BN.KLT.DINV.CD,5300000256.000000,1.59444019627e-09
2889786,Iceland,BN.KLT.DINV.CD,5300000256.000000,2.39623373676e-10
2939803,Malawi,BN.KLT.DINV.CD,13000000.000000,1.51355915697e-07
2939803,Malawi,SP.POP.TOTL,13000000.000000,90
2953513,China,SP.POP.TOTL,63.000000,2.1735936197e-09
2953513,China,SP.POP.TOTL,817000000.000000,90
2953513,China,SP.POP.TOTL,2008.000000,3.13805368628e-16
2953513,China,SP.POP.TOTL,1900000000.000000,1.60125093368e-08
2953513,India,BN.KLT.DINV.CD,63.000000,8.80197762977e-15
2953513,India,SP.POP.TOTL,63.000000,7.41341138583e-13
2953513,India,BN.KLT.DINV.CD,817000000.000000,8.35540203274e-16
2953513,India,SP.POP.TOTL,817000000.000000,4.30310653896e-08
2953513,India,BN.KLT.DINV.CD,2008.000000,8.80193012592e-15
2953513,India,SP.POP.TOTL,2008.000000,7.41370277114e-13
2953513,India,BN.KLT.DINV.CD,1900000000.000000,2.8123070253e-17
2953513,India,SP.POP.TOTL,1900000000.000000,3.3905177609e-09
2982919,China,SP.POP.TOTL,1000000000.000000,90
3012226,Indonesia,BN.KLT.DINV.CD,230000000.000000,1.62154049545e-10
3012226,Indonesia,SP.POP.TOTL,230000000.000000,90
3012226,Japan,SP.POP.TOTL,230000000.000000,1.4101001506e-23
3017135,Russia,BN.KLT.DINV.CD,7.400000,4.82222534372e-09
3017135,Russia,FP.CPI.TOTL.ZG,7.400000,0.20831127137
3017135,Russia,BN.KLT.DINV.CD,0.600000,4.82222534461e-09
3017135,Russia,FP.CPI.TOTL.ZG,0.600000,0.208270057782
3046241,Iceland,BN.KLT.DINV.CD,5699999744.000000,1.72157202499e-10
3046241,Iceland,BN.KLT.DINV.CD,0.200800,5.34496189568e-09
3046241,Iceland,IT.NET.USER.P2,0.200800,90
3046241,Netherlands,BN.KLT.DINV.CD,5699999744.000000,1.49831836247e-09
3046241,Netherlands,BN.KLT.DINV.CD,0.200800,3.04345001291e-09
3046241,Netherlands,IT.NET.USER.P2,0.200800,1.0961828093
3046906,Turkey,BN.KLT.DINV.CD,2500000000.000000,6.38108648633e-33
3046906,Turkey,BN.KLT.DINV.CD,2009.000000,6.06673704505e-22
3046906,Israel,BN.KLT.DINV.CD,2500000000.000000,2.88034510353e-09
3046906,Israel,BN.KLT.DINV.CD,2009.000000,7.61357668796e-09
3051930,Ireland,BN.KLT.DINV.CD,1500000000.000000,1.93010998412e-09
3051930,Ireland,BN.KLT.DINV.CD,172010.000000,2.37730976637e-09
3051930,Ireland,BN.KLT.DINV.CD,1930000000.000000,1.80844655942e-09
3066658,Slovenia,BN.KLT.DINV.CD,2200000.000000,6.54996764557e-08
3066658,Slovenia,SP.POP.TOTL,2200000.000000,0.000169253432756
3103299,Greece,BN.KLT.DINV.CD,4300000256.000000,2.7017502743e-10
3103299,Greece,BN.KLT.DINV.CD,5720000000.000000,1.82594358258e-11
3103299,Greece,BN.KLT.DINV.CD,7099999744.000000,7.22298111702e-13
3103299,Greece,BN.KLT.DINV.CD,9440000000.000000,7.61758768049e-16
3103299,Greece,BN.KLT.DINV.CD,2009.000000,2.20831947467e-08
3111992,Niger,BN.KLT.DINV.CD,1.000000,4.56104207732e-09
3111992,Niger,SP.POP.TOTL,1.000000,7.09556786061e-06
3111992,Niger,BN.KLT.DINV.CD,7000000.000000,4.36804973161e-09
3111992,Niger,SP.POP.TOTL,7000000.000000,90
3111992,Niger,BN.KLT.DINV.CD,50.000000,4.56104070177e-09
3111992,Niger,SP.POP.TOTL,50.000000,7.09564414435e-06
3148583,Ireland,BN.KLT.DINV.CD,15.000000,2.37736261562e-09
3148583,Ireland,SP.POP.TOTL,15.000000,2.18334717091e-11
3148583,Ireland,BN.KLT.DINV.CD,58500000.000000,2.35940276491e-09
3148583,Ireland,BN.KLT.DINV.CD,8.500000,2.37736261762e-09
3148583,Ireland,SP.POP.TOTL,8.500000,2.18319559319e-11
3148583,Ireland,BN.KLT.DINV.CD,2940000000.000000,1.5374716951e-09
3163088,Bangladesh,BN.KLT.DINV.CD,6.860000,6.57291425582e-15
3163088,Bangladesh,FP.CPI.TOTL.ZG,6.860000,15.2916766028
3163088,Bangladesh,BN.KLT.DINV.CD,8.430000,6.57291395385e-15
3163088,Bangladesh,FP.CPI.TOTL.ZG,8.430000,10.7667912861
3191187,China,IT.NET.USER.P2,60.000000,1.25523973896
3191187,China,IT.NET.USER.P2,20.000000,90
3191187,US,BN.KLT.DINV.CD,60.000000,90
3191187,US,IT.NET.USER.P2,60.000000,90
3191187,US,BN.KLT.DINV.CD,20.000000,90
3191187,US,IT.NET.USER.P2,20.000000,90
3198765,Turkey,BN.KLT.DINV.CD,3.400000,2.77690427243e-23
3198765,Turkey,BN.KLT.DINV.CD,0.900000,2.77690432651e-23
3198765,Turkey,BN.KLT.DINV.CD,26499999744.000000,1.0072003104e-245
3198765,Turkey,BN.KLT.DINV.CD,1.500000,2.77690431353e-23
3198765,Turkey,BN.KLT.DINV.CD,16400000000.000000,1.27527503142e-129
3217383,Hungary,BN.KLT.DINV.CD,5.700000,5.40181564192e-09
3217383,Hungary,BN.KLT.DINV.CD,2.800000,5.40181565811e-09
3217383,Latvia,BN.KLT.DINV.CD,5.700000,2.15656027465e-08
3217383,Latvia,BN.KLT.DINV.CD,2.800000,2.15656028966e-08
3240014,Australia,BN.KLT.DINV.CD,4.500000,7.4672728121e-18
3240014,Australia,FP.CPI.TOTL.ZG,4.500000,8.00488928634
3240014,Australia,BN.KLT.DINV.CD,52010.000000,7.4655652017e-18
3242488,Uganda,BN.KLT.DINV.CD,33000000.000000,5.05420060119e-11
3242488,Uganda,SP.POP.TOTL,33000000.000000,90
3242488,Uganda,BN.KLT.DINV.CD,55000000.000000,4.18666120607e-11
3242488,Uganda,SP.POP.TOTL,55000000.000000,4.27554605772e-07
3242488,Uganda,BN.KLT.DINV.CD,2025.000000,6.17957033344e-09
3242488,Uganda,SP.POP.TOTL,2025.000000,7.76682367152e-10
3253941,Georgia,BN.KLT.DINV.CD,22.000000,3.35891783177e-08
3253941,Georgia,BN.KLT.DINV.CD,4550000128.000000,7.97227521782e-39
3253941,Georgia,BN.KLT.DINV.CD,3500000000.000000,1.7752029545e-27
3285875,Greece,BN.KLT.DINV.CD,5000000000.000000,7.75259651165e-11
3285875,Greece,BN.KLT.DINV.CD,3000000000.000000,1.81921978116e-09
3289285,Guatemala,BN.KLT.DINV.CD,5.730000,3.1829957192e-12
3289285,Guatemala,FP.CPI.TOTL.ZG,5.730000,4.54339113986
3289285,Guatemala,BN.KLT.DINV.CD,5.100000,3.18299575506e-12
3289285,Guatemala,FP.CPI.TOTL.ZG,5.100000,4.60762828108
3289285,Guatemala,BN.KLT.DINV.CD,0.620000,3.18299601003e-12
3289285,Guatemala,FP.CPI.TOTL.ZG,0.620000,90
3291842,Singapore,BN.KLT.DINV.CD,1080000000.000000,1.76489423531e-11
3291842,Singapore,BN.KLT.DINV.CD,485900000.000000,3.51787597303e-11
3297632,Greece,BN.KLT.DINV.CD,120.000000,1.92567074729e-08
3297632,Greece,BN.KLT.DINV.CD,1700000000.000000,7.17489042045e-09
3297632,Greece,BN.KLT.DINV.CD,10000000000.000000,1.1422959535e-16
3297632,Spain,BN.KLT.DINV.CD,120.000000,2.31466727771e-09
3297632,Spain,BN.KLT.DINV.CD,1700000000.000000,1.76028939302e-09
3297632,Spain,BN.KLT.DINV.CD,10000000000.000000,2.49760188977e-10
3350727,Brazil,BN.KLT.DINV.CD,190000000.000000,1.62256611945e-09
3350727,Brazil,SP.POP.TOTL,190000000.000000,90
3350727,Brazil,BN.KLT.DINV.CD,2300.000000,1.70829447074e-09
3350727,Brazil,SP.POP.TOTL,2300.000000,1.83439870078e-07
3350727,Brazil,BN.KLT.DINV.CD,93.000000,1.7082954828e-09
3350727,Brazil,SP.POP.TOTL,93.000000,1.83420846737e-07
3425793,Australia,BN.KLT.DINV.CD,25.000000,7.4672721389e-18
3425793,Australia,BN.KLT.DINV.CD,4.500000,7.4672728121e-18
3453722,Israel,BN.KLT.DINV.CD,4000000000.000000,5.0845705089e-11
3460332,India,BN.KLT.DINV.CD,292010.000000,4.05054184194e-14
3460332,India,BN.KLT.DINV.CD,1325419264.000000,9.90659028306e-16
3463747,UK,BN.KLT.DINV.CD,2010.000000,3.02955017696e-09
3463747,UK,BN.KLT.DINV.CD,48.000000,3.02954972805e-09
3463747,UK,FP.CPI.TOTL.ZG,48.000000,8.22674657443e-152
3463747,UK,BN.KLT.DINV.CD,22.000000,3.0295497221e-09
3463747,UK,FP.CPI.TOTL.ZG,22.000000,2.69283431564e-28
3463747,UK,BN.KLT.DINV.CD,3.100000,3.02954971777e-09
3463747,UK,FP.CPI.TOTL.ZG,3.100000,18.3060331536
3463747,UK,BN.KLT.DINV.CD,2.000000,3.02954971752e-09
3463747,UK,FP.CPI.TOTL.ZG,2.000000,22.9332333803
3477006,Ukraine,BN.KLT.DINV.CD,4.500000,2.76906423696e-11
3477006,Ukraine,FP.CPI.TOTL.ZG,4.500000,0.0394502776439
3477006,Ukraine,BN.KLT.DINV.CD,2011.000000,1.01275257529e-10
3477006,Ukraine,FP.CPI.TOTL.ZG,2011.000000,0.00218675305078
3477006,Ukraine,BN.KLT.DINV.CD,10.000000,1.01275624162e-10
3477006,Ukraine,FP.CPI.TOTL.ZG,10.000000,0.0360114019136
3509175,Pakistan,BN.KLT.DINV.CD,2009.000000,1.81331400682e-08
3509175,Pakistan,BN.KLT.DINV.CD,7500000256.000000,2.48230806151e-13
3537402,US,BN.KLT.DINV.CD,4626642432.000000,90
3537402,US,BN.KLT.DINV.CD,4490564096.000000,90
3537402,US,BN.KLT.DINV.CD,11000000512.000000,4.81428671009e-09
3537402,US,BN.KLT.DINV.CD,16100000768.000000,3.6846264038e-09
3560419,Greece,BN.KLT.DINV.CD,5000000000.000000,7.75259651165e-11
3560419,Greece,BN.KLT.DINV.CD,220903200.000000,1.78370755502e-08
3560419,Greece,BN.KLT.DINV.CD,5.900000,1.92567081578e-08
3566412,Malawi,BN.KLT.DINV.CD,1577880064.000000,1.41578258587e-234
3566412,Mozambique,BN.KLT.DINV.CD,1577880064.000000,4.88072048309e-11
3586045,Peru,BN.KLT.DINV.CD,70000.000000,5.03671478575e-12
3586045,Peru,NY.GDP.MKTP.CD,70000.000000,9.63609305469e-09
3586045,Peru,SP.POP.TOTL,70000.000000,1.86442421603e-06
3586045,Peru,BN.KLT.DINV.CD,9.300000,5.03728345334e-12
3586045,Peru,NY.GDP.MKTP.CD,9.300000,9.6357916465e-09
3586045,Peru,SP.POP.TOTL,9.300000,1.83226059887e-06
3587687,Malta,BN.KLT.DINV.CD,72009.000000,90
3590627,Greece,BN.KLT.DINV.CD,5500000256.000000,2.89017482866e-11
3590627,Greece,BN.KLT.DINV.CD,7000000000.000000,9.31459132769e-13
3610441,Australia,BN.KLT.DINV.CD,3000000.000000,7.36938882117e-18
3610441,Australia,BN.KLT.DINV.CD,2009.000000,1.18331708331e-18
3610441,Australia,BN.KLT.DINV.CD,17.000000,1.18332787499e-18
3610441,Australia,BN.KLT.DINV.CD,48.000000,1.18332770705e-18
3610441,Australia,BN.KLT.DINV.CD,1577880064.000000,4.98952427796e-22
3610441,Indonesia,BN.KLT.DINV.CD,3000000.000000,6.67961754257e-10
3610441,Indonesia,BN.KLT.DINV.CD,2009.000000,6.69321896857e-10
3610441,Indonesia,BN.KLT.DINV.CD,17.000000,6.69322801355e-10
3610441,Indonesia,BN.KLT.DINV.CD,48.000000,6.69322787279e-10
3610441,Indonesia,BN.KLT.DINV.CD,1577880064.000000,2.07414695794e-10
3626953,Afghanistan,BN.KLT.DINV.CD,1000000000.000000,3.59685797321e-79
3626953,Afghanistan,BN.KLT.DINV.CD,8264.000000,1.94689514057e-07
3626953,Afghanistan,BN.KLT.DINV.CD,2002.000000,2.71815444188e-07
3654745,Albania,BN.KLT.DINV.CD,3200000.000000,7.10975419288e-10
3654745,Albania,SP.POP.TOTL,3200000.000000,6.67640395997e-05
3657193,Greece,BN.KLT.DINV.CD,3300000000.000000,1.22849138397e-09
3657193,Greece,BN.KLT.DINV.CD,10579999744.000000,1.44166894222e-17
3657193,Greece,BN.KLT.DINV.CD,13979999232.000000,9.10563619445e-24
3662632,Sudan,BN.KLT.DINV.CD,2493050368.000000,2.23997835199e-47
3662632,Bulgaria,BN.KLT.DINV.CD,2493050368.000000,5.87563014286e-09
3669379,Belgium,BN.KLT.DINV.CD,1500000000.000000,90
3669379,Germany,BN.KLT.DINV.CD,1500000000.000000,1.21448704182e-08
3669379,Luxembourg,BN.KLT.DINV.CD,1500000000.000000,2.03991711024e-09
3669379,Spain,BN.KLT.DINV.CD,1500000000.000000,1.82196404824e-09
3669379,Turkey,BN.KLT.DINV.CD,1500000000.000000,8.79059331907e-29
3680468,Chile,BN.KLT.DINV.CD,11000000512.000000,1.16674823167e-23
3680468,Chile,BN.KLT.DINV.CD,3500000000.000000,1.64760744546e-14
3729866,Haiti,BN.KLT.DINV.CD,60000.000000,1.49222485391e-08
3729866,Haiti,SP.POP.TOTL,60000.000000,3.08825482861e-06
3729866,Haiti,BN.KLT.DINV.CD,7.000000,1.49594051299e-08
3729866,Haiti,SP.POP.TOTL,7.000000,2.90886575124e-06
3729866,Haiti,BN.KLT.DINV.CD,9000000.000000,1.02055451842e-08
3729866,Haiti,SP.POP.TOTL,9000000.000000,90
3758358,Georgia,BN.KLT.DINV.CD,13.000000,3.35891793138e-08
3758358,Georgia,BN.KLT.DINV.CD,5320000000.000000,8.86516816815e-49
3758358,Georgia,BN.KLT.DINV.CD,2008.000000,2.68946864775e-08
3947117,Israel,BN.KLT.DINV.CD,4000000000.000000,5.0845705089e-11
3947117,Israel,BN.KLT.DINV.CD,473364000.000000,9.30652244374e-10
4001401,Iceland,BN.KLT.DINV.CD,100000.000000,5.34476847026e-09
4001401,Iceland,BN.KLT.DINV.CD,1700000000.000000,2.55701493554e-09
4010826,Armenia,BN.KLT.DINV.CD,5400.000000,1.78512352419e-08
4013973,Singapore,BN.KLT.DINV.CD,0.470000,6.01194927188e-11
4013973,Singapore,BN.KLT.DINV.CD,22.200001,6.01194913122e-11
4013973,Singapore,BN.KLT.DINV.CD,4687.799805,6.01191892983e-11
4013973,Singapore,BN.KLT.DINV.CD,8200000000.000000,2.35743289754e-16
4013973,US,BN.KLT.DINV.CD,0.470000,90
4013973,US,BN.KLT.DINV.CD,22.200001,90
4013973,US,BN.KLT.DINV.CD,4687.799805,90
4013973,US,BN.KLT.DINV.CD,8200000000.000000,90
4015093,Russia,BN.KLT.DINV.CD,20000.000000,4.82222273738e-09
4018247,Malawi,SP.DYN.LE00.IN,1893456000.000000,1.38721111549e-07
4018247,Malawi,BN.KLT.DINV.CD,1990.000000,2.81575392922e-07
4018247,Malawi,SP.DYN.LE00.IN,1990.000000,7.65430710114e-36
4018247,Malawi,BN.KLT.DINV.CD,1262304000.000000,1.21466393626e-154
4018247,Malawi,SP.DYN.LE00.IN,1262304000.000000,2.62662649686e-08
4028652,Greece,BN.KLT.DINV.CD,4800000000.000000,1.12521113882e-10
4028652,Greece,BN.KLT.DINV.CD,6499999744.000000,3.16798354992e-12
4036582,Greece,BN.KLT.DINV.CD,19.000000,1.92567080791e-08
4036582,Greece,BN.KLT.DINV.CD,8999999488.000000,3.15526430021e-15
4037932,Greece,BN.KLT.DINV.CD,32010.000000,1.92565160512e-08
4037932,Greece,BN.KLT.DINV.CD,4800000000.000000,1.12521113882e-10
4037932,Greece,BN.KLT.DINV.CD,6499999744.000000,3.16798354992e-12
4097274,Haiti,BN.KLT.DINV.CD,2000000000.000000,5.97626387787e-246
4104660,US,BN.KLT.DINV.CD,1105.000000,90
4104660,US,BN.KLT.DINV.CD,1098.699951,90
4140238,Australia,BN.KLT.DINV.CD,29.000000,7.46727200755e-18
4140238,Australia,BN.KLT.DINV.CD,17.000000,7.46727240162e-18
4140238,Australia,BN.KLT.DINV.CD,2400.000000,7.46719414702e-18
4448115,Azerbaijan,BN.KLT.DINV.CD,1.500000,2.01022969122e-08
4448115,Azerbaijan,FP.CPI.TOTL.ZG,1.500000,0.0972855977626
4448115,Azerbaijan,BN.KLT.DINV.CD,2009.000000,2.19387026666e-08
4448115,Azerbaijan,FP.CPI.TOTL.ZG,2009.000000,9.65739522338e-08
4448115,Azerbaijan,BN.KLT.DINV.CD,20.799999,2.1938706947e-08
4448115,Azerbaijan,FP.CPI.TOTL.ZG,20.799999,0.0894064785309
4453591,Iraq,BN.KLT.DINV.CD,9100000256.000000,5.51388491714e-45
4453591,Iraq,BN.KLT.DINV.CD,2003.000000,4.67090385577e-09
4454862,US,BN.KLT.DINV.CD,21.000000,90
4474980,Russia,BN.KLT.DINV.CD,148000000.000000,4.8021644136e-09
4474980,Russia,SP.POP.TOTL,148000000.000000,4.05778603326e-06
4474980,Russia,BN.KLT.DINV.CD,1991.000000,4.40161839376e-09
4474980,Russia,SP.POP.TOTL,1991.000000,1.3962345277e-69
4474980,Russia,BN.KLT.DINV.CD,142000000.000000,4.4382055902e-09
4474980,Russia,SP.POP.TOTL,142000000.000000,3.93760378311e-06
4487832,Greece,BN.KLT.DINV.CD,2010.000000,2.20622990223e-08
4487832,Greece,BN.KLT.DINV.CD,52.000000,2.20622944786e-08
4487832,Greece,BN.KLT.DINV.CD,10.000000,2.20622943812e-08
4487832,Greece,BN.KLT.DINV.CD,4800000000.000000,9.53591414692e-10
4487832,Greece,BN.KLT.DINV.CD,6499999744.000000,5.45384954181e-11
4488807,Zimbabwe,NY.GDP.MKTP.CD,1483207168.000000,90
4488807,Zimbabwe,SP.DYN.LE00.IN,1483207168.000000,90
4488807,Zimbabwe,NY.GDP.MKTP.CD,176.000000,1.41498956054e-08
4488807,Zimbabwe,SP.DYN.LE00.IN,176.000000,1.88407254012e-19
4490937,Lebanon,BN.KLT.DINV.CD,3000000000.000000,2.73142694308e-23
4490937,Qatar,BN.KLT.DINV.CD,3000000000.000000,6.93905549299e-09
4491869,India,BN.KLT.DINV.CD,2007.000000,9.67405279683e-15
4504237,US,BN.KLT.DINV.CD,294319.718750,90
4504237,US,BN.KLT.DINV.CD,10720000000.000000,4.83144030527e-09
4504237,US,BN.KLT.DINV.CD,122009.000000,90
4504237,US,BN.KLT.DINV.CD,30.200001,90
4505032,Guatemala,BN.KLT.DINV.CD,5.730000,3.1829957192e-12
4505032,Guatemala,FP.CPI.TOTL.ZG,5.730000,4.54339113986
4505032,Guatemala,BN.KLT.DINV.CD,5.100000,3.18299575506e-12
4505032,Guatemala,FP.CPI.TOTL.ZG,5.100000,4.60762828108
4505032,Guatemala,BN.KLT.DINV.CD,0.620000,3.18299601003e-12
4505032,Guatemala,FP.CPI.TOTL.ZG,0.620000,90
4517848,Brazil,BN.KLT.DINV.CD,7.000000,1.70829552224e-09
4517848,Brazil,BN.KLT.DINV.CD,146299994112.000000,2.60004648614e-151
4517848,Brazil,BN.KLT.DINV.CD,2009.000000,1.44393496883e-09
4517848,Brazil,BN.KLT.DINV.CD,2010.000000,1.4229797117e-09
4517848,Brazil,BN.KLT.DINV.CD,8.300000,1.4229805267e-09
4529581,Greece,BN.KLT.DINV.CD,8499999744.000000,1.47270435449e-14
4571337,Israel,BN.KLT.DINV.CD,4.600000,1.26491566858e-09
4571337,Israel,FP.CPI.TOTL.ZG,4.600000,0.572419613579
4571337,Israel,BN.KLT.DINV.CD,6.300000,1.26491566723e-09
4571337,Israel,FP.CPI.TOTL.ZG,6.300000,0.571669512099
4585864,Greece,BN.KLT.DINV.CD,315576000.000000,1.7179741444e-08
4585864,Greece,BN.KLT.DINV.CD,5000000000.000000,7.75259651165e-11
4585864,Greece,BN.KLT.DINV.CD,15000000512.000000,6.15992316414e-26
4625603,Sweden,BN.KLT.DINV.CD,157.000000,90
4625603,Sweden,BN.KLT.DINV.CD,20.000000,90
4649425,India,BN.KLT.DINV.CD,1100000000.000000,1.92402629854e-15
4649425,India,SP.POP.TOTL,1100000000.000000,90
4818714,Pakistan,BN.KLT.DINV.CD,7500000256.000000,6.40014305184e-13
4821044,China,SP.POP.TOTL,1300000000.000000,90
4821044,China,SP.POP.TOTL,6000.000000,2.17376615463e-09
4821044,China,SP.POP.TOTL,7000000000.000000,8.72235926218e-148
4821372,China,SP.POP.TOTL,1300000000.000000,90
4868724,Brazil,BN.KLT.DINV.CD,0.100000,1.7082955254e-09
4940011,Latvia,BN.KLT.DINV.CD,7500000256.000000,2.98920975013e-48
4940011,Latvia,BN.KLT.DINV.CD,10499999744.000000,3.88072151048e-82
4943583,Pakistan,BN.KLT.DINV.CD,14.000000,2.01704845562e-08
4943583,Pakistan,BN.KLT.DINV.CD,59.000000,2.01704843434e-08
4943583,Pakistan,BN.KLT.DINV.CD,84.000000,2.01704842252e-08
4943583,Australia,BN.KLT.DINV.CD,14.000000,7.46727250013e-18
4943583,Australia,BN.KLT.DINV.CD,59.000000,7.46727102238e-18
4943583,Australia,BN.KLT.DINV.CD,84.000000,7.46727020141e-18
4959738,Iraq,BN.KLT.DINV.CD,1995.000000,5.48905048726e-09
4959738,Iraq,SP.POP.TOTL,1995.000000,1.03360775703e-08
4959738,Iraq,BN.KLT.DINV.CD,2000000000.000000,6.31268772738e-12
4979052,Iraq,BN.KLT.DINV.CD,10000000000.000000,1.01066088838e-50
5013551,Haiti,BN.KLT.DINV.CD,732000000.000000,1.04805275127e-48
5013551,Haiti,BN.KLT.DINV.CD,2010.000000,5.82664181209e-08
5061755,Brazil,BN.KLT.DINV.CD,2008.000000,1.46509565636e-09
5061755,Brazil,BN.KLT.DINV.CD,10800000000.000000,1.43492082093e-11
5062264,Croatia,BN.KLT.DINV.CD,10.000000,1.69568054375e-08
5062264,Croatia,BN.KLT.DINV.CD,15000000.000000,1.67868742813e-08
5062264,Germany,BN.KLT.DINV.CD,10.000000,8.70327943395e-09
5062264,Germany,BN.KLT.DINV.CD,15000000.000000,8.74307332136e-09
5074747,Poland,BN.KLT.DINV.CD,3.500000,1.92056396317e-10
5074747,Poland,FP.CPI.TOTL.ZG,3.500000,90
5074747,Poland,BN.KLT.DINV.CD,2009.000000,2.202860915e-12
5074747,Poland,FP.CPI.TOTL.ZG,2009.000000,2.95239995755e-106
5074747,Poland,BN.KLT.DINV.CD,4.200000,2.20287199784e-12
5074747,Poland,FP.CPI.TOTL.ZG,4.200000,0.429544031624
5074747,Poland,BN.KLT.DINV.CD,2008.000000,2.08000192797e-12
5074747,Poland,FP.CPI.TOTL.ZG,2008.000000,3.89014551702e-106
5074748,Poland,BN.KLT.DINV.CD,2010.000000,2.33256345083e-12
5074748,Poland,FP.CPI.TOTL.ZG,2010.000000,2.24035209143e-106
5074748,Poland,BN.KLT.DINV.CD,2.000000,2.3325751686e-12
5074748,Poland,FP.CPI.TOTL.ZG,2.000000,0.426982919696
5098373,Greece,BN.KLT.DINV.CD,25.000000,1.92567080431e-08
5098373,Greece,BN.KLT.DINV.CD,6000000000.000000,9.95488315417e-12
5100242,Singapore,BN.KLT.DINV.CD,2010.000000,3.58114964133e-10
5100242,Singapore,BN.KLT.DINV.CD,77.800003,3.58115573305e-10
5100242,Singapore,IT.NET.USER.P2,77.800003,1.3549829479
5297868,Germany,BN.KLT.DINV.CD,22009.000000,8.70333782121e-09
5297868,Germany,BN.KLT.DINV.CD,0.000750,8.70327940741e-09
5317722,Pakistan,BN.KLT.DINV.CD,170000000.000000,1.92969724412e-08
5317722,Pakistan,SP.POP.TOTL,170000000.000000,90
5363166,China,IT.NET.USER.P2,10.000000,90
5363166,China,IT.NET.USER.P2,-18.000000,1.21917828836
5378999,US,BN.KLT.DINV.CD,2010.000000,7.48118534531e-10
5378999,US,BN.KLT.DINV.CD,33.000000,7.48118186985e-10
5378999,US,FP.CPI.TOTL.ZG,33.000000,6.26208840568e-24
5378999,US,BN.KLT.DINV.CD,9.000000,7.48118182766e-10
5378999,US,FP.CPI.TOTL.ZG,9.000000,1.4573820976
5378999,US,BN.KLT.DINV.CD,2.700000,7.48118181658e-10
5378999,US,FP.CPI.TOTL.ZG,2.700000,14.0088999903
5378999,US,BN.KLT.DINV.CD,2009.000000,7.84770650021e-10
5378999,US,BN.KLT.DINV.CD,1.600000,7.84770284609e-10
5378999,US,FP.CPI.TOTL.ZG,1.600000,12.5025944287
5379111,Australia,BN.KLT.DINV.CD,10000000.000000,7.14584332681e-18
5379111,Australia,BN.KLT.DINV.CD,2.000000,7.4672728942e-18
5379111,Australia,BN.KLT.DINV.CD,30000.000000,7.46628785762e-18
5711021,China,EN.ATM.CO2E.KT,2006.000000,5.35202509654e-13
5711021,China,EN.ATM.CO2E.KT,2008.000000,4.57989197524e-13
5711021,China,EN.ATM.CO2E.KT,10.100000,4.57989196285e-13
5711021,China,EN.ATM.CO2E.KT,299999985664.000000,6.79948016945e-13
5711021,China,EN.ATM.CO2E.KT,750000013312.000000,1.18046196609e-12
5771674,Mozambique,BN.KLT.DINV.CD,200000000.000000,4.38444678219e-10
5771674,Mozambique,BN.KLT.DINV.CD,230000000.000000,4.2018709673e-10
5771674,Rwanda,BN.KLT.DINV.CD,200000000.000000,1.47919322538e-17
5771674,Rwanda,BN.KLT.DINV.CD,230000000.000000,2.03059833066e-19
5780873,Qatar,BN.KLT.DINV.CD,3500000000.000000,9.09496459783e-09
5780873,Qatar,EG.ELC.PROD.KH,3500000000.000000,3.13424931818e-15
5847940,India,BN.KLT.DINV.CD,10.000000,4.05364931734e-14
5847940,India,FP.CPI.TOTL.ZG,10.000000,7.21371820095
6153628,Switzerland,BN.KLT.DINV.CD,252010.000000,90
6153628,Switzerland,SP.POP.TOTL,252010.000000,1.98440083297e-17
6153628,Switzerland,BN.KLT.DINV.CD,7780000.000000,90
6153628,Switzerland,SP.POP.TOTL,7780000.000000,90
6199148,India,BN.KLT.DINV.CD,75.000000,4.05364862535e-14
6199148,India,BN.KLT.DINV.CD,5.750000,4.05364936258e-14
7049125,Ireland,BN.KLT.DINV.CD,3500000000.000000,1.39717641827e-09
7049125,Ireland,BN.KLT.DINV.CD,4499999744.000000,1.16591264904e-09
7049125,Ireland,BN.KLT.DINV.CD,2009.000000,2.90503204503e-09
7057792,Peru,BN.KLT.DINV.CD,28220000.000000,4.8128180146e-12
7057792,Peru,SP.POP.TOTL,28220000.000000,90
7057792,India,BN.KLT.DINV.CD,28220000.000000,3.76368956791e-14
7057792,India,SP.POP.TOTL,28220000.000000,3.72399401717e-08
7075952,Qatar,BN.KLT.DINV.CD,2041165568.000000,3.61902909518e-09
7075952,Qatar,BN.KLT.DINV.CD,3500000000.000000,9.09496459783e-09
7095328,US,BN.KLT.DINV.CD,65000001536.000000,9.62671788387e-19
7095328,US,BN.KLT.DINV.CD,9560000512.000000,90
7095328,US,BN.KLT.DINV.CD,51449999360.000000,1.4968153272e-14
7095328,US,BN.KLT.DINV.CD,2008.000000,8.22708269949e-10
7106688,Iceland,BN.KLT.DINV.CD,2010.000000,9.152361681e-09
7106688,Iceland,BN.KLT.DINV.CD,13.000000,9.15236533924e-09
7106688,Iceland,IT.NET.USER.P2,13.000000,0.0307793948393
7106688,Iceland,BN.KLT.DINV.CD,42.000000,9.15236528612e-09
7106688,Iceland,IT.NET.USER.P2,42.000000,0.174690045932
7106688,Iceland,BN.KLT.DINV.CD,5300000256.000000,9.66922377953e-10
7106688,Netherlands,BN.KLT.DINV.CD,2010.000000,4.13907727937e-09
7106688,Netherlands,BN.KLT.DINV.CD,13.000000,4.13907701394e-09
7106688,Netherlands,IT.NET.USER.P2,13.000000,0.0403579563155
7106688,Netherlands,BN.KLT.DINV.CD,42.000000,4.13907701779e-09
7106688,Netherlands,IT.NET.USER.P2,42.000000,0.22759518889
7106688,Netherlands,BN.KLT.DINV.CD,5300000256.000000,4.16080998057e-09
7117706,Iraq,BN.KLT.DINV.CD,2.000000,2.95497156287e-10
7117706,Iraq,BN.KLT.DINV.CD,52.000000,2.95497105641e-10
7117706,Iraq,BN.KLT.DINV.CD,26.000000,2.95497131977e-10
7150832,Iceland,BN.KLT.DINV.CD,6.000000,5.34496188446e-09
7150832,Iceland,BN.KLT.DINV.CD,3900000000.000000,6.85335116921e-10
7150832,Iceland,BN.KLT.DINV.CD,5300000256.000000,2.39623373676e-10
7150832,Iceland,BN.KLT.DINV.CD,2008.000000,9.25852462767e-09
7150832,Netherlands,BN.KLT.DINV.CD,6.000000,4.14352392068e-09
7150832,Netherlands,BN.KLT.DINV.CD,3900000000.000000,4.28843927186e-09
7150832,Netherlands,BN.KLT.DINV.CD,5300000256.000000,4.15656562446e-09
7150832,Netherlands,BN.KLT.DINV.CD,2008.000000,4.14352418378e-09
7208469,Indonesia,BN.KLT.DINV.CD,6.750000,1.95884652847e-10
7254786,Chile,BN.KLT.DINV.CD,1970.000000,4.7255345704e-10
7254786,Chile,SP.DYN.LE00.IN,1970.000000,1.14541868461e-29
7254786,Chile,BN.KLT.DINV.CD,60.000000,4.72554450081e-10
7254786,Chile,SP.DYN.LE00.IN,60.000000,1.14532214847e-29
7254786,Chile,BN.KLT.DINV.CD,2335262464.000000,2.27401115221e-11
7254786,Chile,SP.DYN.LE00.IN,2335262464.000000,1.73547596632e-07
7254786,Chile,BN.KLT.DINV.CD,2493050368.000000,1.79144673985e-11
7254786,Chile,SP.DYN.LE00.IN,2493050368.000000,1.28770136801e-07
7254786,Cuba,SP.DYN.LE00.IN,1970.000000,2.95651095667e-78
7254786,Cuba,SP.DYN.LE00.IN,60.000000,2.95573304818e-78
7254786,Cuba,SP.DYN.LE00.IN,2335262464.000000,2.91345577293e-07
7254786,Cuba,SP.DYN.LE00.IN,2493050368.000000,2.0093604677e-07
7258589,Greece,BN.KLT.DINV.CD,8999999488.000000,3.15526430021e-15
7258589,Greece,BN.KLT.DINV.CD,11449999360.000000,5.29410110247e-19
7297434,Greece,BN.KLT.DINV.CD,6300000256.000000,5.05600673097e-12
7297434,Greece,BN.KLT.DINV.CD,3900000000.000000,5.14317665783e-10
7307738,Greece,BN.KLT.DINV.CD,92010.000000,1.92561558858e-08
7307738,Greece,BN.KLT.DINV.CD,10000000000.000000,1.1422959535e-16
7307738,Greece,BN.KLT.DINV.CD,13600000000.000000,5.38363534375e-23
7316439,Bangladesh,BN.KLT.DINV.CD,8.120000,6.57291401348e-15
7316439,Bangladesh,FP.CPI.TOTL.ZG,8.120000,11.897505071
7316439,Bangladesh,BN.KLT.DINV.CD,0.900000,6.57291540212e-15
7316439,Bangladesh,FP.CPI.TOTL.ZG,0.900000,14.3474516338
7493629,Brazil,BN.KLT.DINV.CD,2.000000,1.70829552453e-09
7493629,Brazil,BN.KLT.DINV.CD,36.000000,1.70829550894e-09
7493629,Brazil,BN.KLT.DINV.CD,2020.000000,1.22469397434e-09
7497363,Portugal,BN.KLT.DINV.CD,6000000000.000000,8.4770779275e-11
7497363,Portugal,BN.KLT.DINV.CD,8200000000.000000,1.86351543288e-11
7525021,Pakistan,BN.KLT.DINV.CD,11.000000,2.01704845704e-08
7525021,Pakistan,BN.KLT.DINV.CD,20.000000,2.01704845278e-08
7531135,US,BN.KLT.DINV.CD,10000000000.000000,2.31741294004e-09
7531135,US,BN.KLT.DINV.CD,2010.000000,7.48118534531e-10
7531135,US,BN.KLT.DINV.CD,8.000000,7.4811818259e-10
7531135,US,BN.KLT.DINV.CD,17.000000,7.48118184172e-10
7531135,US,BN.KLT.DINV.CD,54000.000000,7.48127674145e-10
7531135,India,BN.KLT.DINV.CD,10000000000.000000,1.07325401127e-32
7531135,India,BN.KLT.DINV.CD,2010.000000,7.27979063604e-15
7531135,India,BN.KLT.DINV.CD,8.000000,7.2798313374e-15
7531135,India,BN.KLT.DINV.CD,17.000000,7.27983115443e-15
7531135,India,BN.KLT.DINV.CD,54000.000000,7.27873373824e-15
7541701,Russia,BN.KLT.DINV.CD,17.000000,4.82222534247e-09
7628811,Bangladesh,BN.KLT.DINV.CD,144000000.000000,7.51418681238e-17
7628811,Bangladesh,SP.POP.TOTL,144000000.000000,90
7628811,Bangladesh,BN.KLT.DINV.CD,65000000.000000,9.30957287139e-16
7628811,Bangladesh,SP.POP.TOTL,65000000.000000,90
7628811,Bangladesh,BN.KLT.DINV.CD,45.000000,6.57290692023e-15
7628811,Bangladesh,SP.POP.TOTL,45.000000,3.97932787443e-07
7662918,Greece,BN.KLT.DINV.CD,2010.000000,2.20622990223e-08
7662918,Greece,BN.KLT.DINV.CD,58.000000,2.20622944926e-08
7662918,Greece,BN.KLT.DINV.CD,49.000000,2.20622944717e-08
7662918,Greece,BN.KLT.DINV.CD,6499999744.000000,5.45384954181e-11
7677683,Turkey,BN.KLT.DINV.CD,8000000000.000000,1.90205130537e-62
7688228,Russia,BN.KLT.DINV.CD,1893456000.000000,4.45752285862e-09
7688228,Russia,SP.DYN.LE00.IN,1893456000.000000,5.25305204062e-09
7704737,US,BN.KLT.DINV.CD,292010.000000,90
7704737,US,BN.KLT.DINV.CD,3400000000.000000,90
7710134,China,FP.CPI.TOTL.ZG,1.500000,90
7710134,China,FP.CPI.TOTL.ZG,0.110000,90
7712949,Guinea-Bissau,BN.KLT.DINV.CD,1500000.000000,5.13006942524e-09
7712949,Guinea-Bissau,SP.POP.TOTL,1500000.000000,90
7712949,Guinea-Bissau,BN.KLT.DINV.CD,2008.000000,3.17135105146e-07
7712949,Guinea-Bissau,SP.POP.TOTL,2008.000000,9.95756000423e-10
7760023,Greece,BN.KLT.DINV.CD,5500000256.000000,2.89017482866e-11
7771065,Mexico,BN.KLT.DINV.CD,20.000000,90
7771065,Mexico,BN.KLT.DINV.CD,2010.000000,6.91058695789e-09
7771065,Mexico,BN.KLT.DINV.CD,52.000000,6.91058774281e-09
7771065,Mexico,BN.KLT.DINV.CD,54.000000,6.910587742e-09
7936850,Germany,BN.KLT.DINV.CD,10199999488.000000,1.32314282476e-08
7936850,Germany,BN.KLT.DINV.CD,13600000000.000000,6.48365364525e-09
7936850,Germany,BN.KLT.DINV.CD,30.600000,8.70327948862e-09
8004559,Afghanistan,BN.KLT.DINV.CD,20000000.000000,1.09199566365e-07
8004559,Afghanistan,BN.KLT.DINV.CD,2007.000000,3.0419642299e-07
8015781,Australia,BN.KLT.DINV.CD,517000.000000,7.4503141177e-18
8015781,Australia,SP.DYN.LE00.IN,517000.000000,1.01612247418e-81
8015781,Australia,SP.POP.TOTL,517000.000000,2.56244244444e-07
8015781,Australia,BN.KLT.DINV.CD,21000000.000000,6.80788232252e-18
8015781,Australia,SP.DYN.LE00.IN,21000000.000000,2.32743612306e-80
8015781,Australia,SP.POP.TOTL,21000000.000000,90
8041360,Slovenia,BN.KLT.DINV.CD,2200000.000000,6.54996764557e-08
8041360,Slovenia,SP.POP.TOTL,2200000.000000,0.000169253432756
8066186,Australia,BN.KLT.DINV.CD,9.700000,7.46727264134e-18
8066186,Australia,BN.KLT.DINV.CD,2010.000000,1.06594582695e-18
8066186,Australia,BN.KLT.DINV.CD,23.000000,1.06595554505e-18
8066186,Australia,BN.KLT.DINV.CD,29.000000,1.06595551571e-18
8066186,Australia,BN.KLT.DINV.CD,10600000512.000000,1.49917748456e-50
8066186,Australia,BN.KLT.DINV.CD,9699999744.000000,5.17525958837e-47
8087920,Canada,BN.KLT.DINV.CD,64.660004,90
8099201,Japan,IT.NET.USER.P2,56.500000,90
8109366,Bangladesh,BN.KLT.DINV.CD,160000000.000000,4.42896212632e-17
8109366,Bangladesh,SP.POP.TOTL,160000000.000000,1.17943622719e-06
8207503,Turkey,BN.KLT.DINV.CD,2005.000000,4.26460119141e-22
8207503,Turkey,BN.KLT.DINV.CD,10000000000.000000,1.76130939053e-73
8207503,Turkey,BN.KLT.DINV.CD,7350000128.000000,3.51475154581e-56
8207503,Turkey,BN.KLT.DINV.CD,2008.000000,5.55603801215e-22
8211879,Indonesia,BN.KLT.DINV.CD,248000000.000000,1.59744525689e-10
8211879,Indonesia,SP.POP.TOTL,248000000.000000,8.24410175333e-07
8211879,China,SP.POP.TOTL,248000000.000000,3.21174081255e-08
8211879,India,BN.KLT.DINV.CD,248000000.000000,2.0964115589e-14
8211879,India,SP.POP.TOTL,248000000.000000,1.1604082981e-07
8409164,Sudan,BN.KLT.DINV.CD,5000000.000000,1.24615121117e-17
8409164,Sudan,BN.KLT.DINV.CD,3.300000,1.36585858378e-17
8409164,Sudan,BN.KLT.DINV.CD,4900000.000000,1.24844159017e-17
8409164,Sudan,BN.KLT.DINV.CD,2800000.000000,1.29750191242e-17
8409164,Sudan,BN.KLT.DINV.CD,2000000.000000,1.31668338001e-17
8409164,Sudan,BN.KLT.DINV.CD,1500000.000000,1.32881234975e-17
8409164,Sudan,BN.KLT.DINV.CD,1200000.000000,1.33614211469e-17
8409164,Colombia,BN.KLT.DINV.CD,5000000.000000,6.25255239e-11
8409164,Colombia,BN.KLT.DINV.CD,3.300000,6.28600389047e-11
8409164,Colombia,BN.KLT.DINV.CD,4900000.000000,6.25321983619e-11
8409164,Colombia,BN.KLT.DINV.CD,2800000.000000,6.2672511317e-11
8409164,Colombia,BN.KLT.DINV.CD,2000000.000000,6.27260388855e-11
8409164,Colombia,BN.KLT.DINV.CD,1500000.000000,6.27595146529e-11
8409164,Colombia,BN.KLT.DINV.CD,1200000.000000,6.27796078844e-11
8409164,Iraq,BN.KLT.DINV.CD,5000000.000000,2.90471435087e-10
8409164,Iraq,BN.KLT.DINV.CD,3.300000,2.9549715497e-10
8409164,Iraq,BN.KLT.DINV.CD,4900000.000000,2.9057119086e-10
8409164,Iraq,BN.KLT.DINV.CD,2800000.000000,2.92673197648e-10
8409164,Iraq,BN.KLT.DINV.CD,2000000.000000,2.93477554939e-10
8409164,Iraq,BN.KLT.DINV.CD,1500000.000000,2.93981287897e-10
8409164,Iraq,BN.KLT.DINV.CD,1200000.000000,2.94283900997e-10
8409164,Pakistan,BN.KLT.DINV.CD,5000000.000000,2.01467782907e-08
8409164,Pakistan,BN.KLT.DINV.CD,3.300000,2.01704846068e-08
8409164,Pakistan,BN.KLT.DINV.CD,4900000.000000,2.01472536535e-08
8409164,Pakistan,BN.KLT.DINV.CD,2800000.000000,2.01572246261e-08
8409164,Pakistan,BN.KLT.DINV.CD,2000000.000000,2.01610172385e-08
8409164,Pakistan,BN.KLT.DINV.CD,1500000.000000,2.01633859799e-08
8409164,Pakistan,BN.KLT.DINV.CD,1200000.000000,2.01648066184e-08
8421835,Fiji,BN.KLT.DINV.CD,660000000.000000,3.39235658665e-25
8421835,Fiji,BN.KLT.DINV.CD,321000000.000000,2.18815416104e-14
8421835,Fiji,BN.KLT.DINV.CD,440000000.000000,1.25216224839e-17
8421835,Fiji,BN.KLT.DINV.CD,214000000.000000,5.56632635746e-12
8437198,Haiti,BN.KLT.DINV.CD,0.120000,1.49594093956e-08
8437198,Haiti,BN.KLT.DINV.CD,2000.000000,6.90751062984e-08
8440647,Greece,BN.KLT.DINV.CD,6499999744.000000,3.16798354992e-12
8440647,Greece,BN.KLT.DINV.CD,2010.000000,2.20622990223e-08
8440647,Greece,BN.KLT.DINV.CD,26.000000,2.20622944183e-08
8440647,Greece,BN.KLT.DINV.CD,16.000000,2.20622943951e-08
8440647,Greece,BN.KLT.DINV.CD,4.800000,2.20622943691e-08
8440647,Greece,BN.KLT.DINV.CD,21.000000,2.20622944067e-08
8527292,China,FP.CPI.TOTL.ZG,3.000000,5.83248018638
8529953,Greece,BN.KLT.DINV.CD,8499999744.000000,1.47270435449e-14
8529953,Greece,BN.KLT.DINV.CD,11360000000.000000,7.53480402457e-19
8529953,Greece,BN.KLT.DINV.CD,19.000000,1.92567080791e-08
8544025,Iceland,BN.KLT.DINV.CD,2010.000000,9.152361681e-09
8544025,Iceland,BN.KLT.DINV.CD,4.000000,9.15236535573e-09
8544025,Iceland,BN.KLT.DINV.CD,58.000000,9.15236525681e-09
8544025,Iceland,BN.KLT.DINV.CD,5699999744.000000,7.41111787425e-10
8547868,Cuba,NY.GDP.MKTP.CD,2008.000000,1.05284336991e-30
8547868,Cuba,NY.GDP.MKTP.CD,10000000000.000000,3.40142505322e-08
8635241,Ireland,BN.KLT.DINV.CD,2011.000000,2.82628098762e-09
8635241,Ireland,BN.KLT.DINV.CD,0.700000,2.82628161606e-09
8635241,Ireland,BN.KLT.DINV.CD,4499999744.000000,1.50736076015e-09
8635241,Ireland,BN.KLT.DINV.CD,1500000000.000000,2.35964022443e-09
8644726,Japan,SP.POP.TOTL,127000000.000000,90
8644726,Japan,SP.POP.TOTL,90000000.000000,3.40429500189e-06
8644726,Japan,SP.POP.TOTL,2055.000000,7.53122213042e-44
8648964,Greece,BN.KLT.DINV.CD,2014.000000,2.1973121127e-08
8648964,Spain,BN.KLT.DINV.CD,86000001024.000000,2.01761208834e-33
8648964,Spain,BN.KLT.DINV.CD,2014.000000,4.82783469484e-09
8648964,Portugal,BN.KLT.DINV.CD,86000001024.000000,1.86311873206e-85
8648964,Portugal,BN.KLT.DINV.CD,2014.000000,6.82090000422e-09
8648964,Ireland,BN.KLT.DINV.CD,86000001024.000000,2.29699737911e-34
8648964,Ireland,BN.KLT.DINV.CD,2014.000000,2.70796223097e-09
8648964,Germany,BN.KLT.DINV.CD,86000001024.000000,5.45395646479e-151
8648964,Germany,BN.KLT.DINV.CD,2014.000000,1.60889542022e-10
8661140,Switzerland,BN.KLT.DINV.CD,2006.000000,1.47386117995e-09
8830537,Russia,BN.KLT.DINV.CD,20000000.000000,4.81960400087e-09
8830537,Russia,SP.POP.TOTL,20000000.000000,2.02393892059e-35
8830537,Russia,BN.KLT.DINV.CD,140000000.000000,4.80328784781e-09
8830537,Russia,SP.POP.TOTL,140000000.000000,90
8863650,Ireland,BN.KLT.DINV.CD,130000000.000000,2.33749556729e-09
8863650,Ireland,BN.KLT.DINV.CD,174000000.000000,2.32403911066e-09
8863650,Ireland,BN.KLT.DINV.CD,6000000000.000000,8.67487652119e-10
8863650,Ireland,BN.KLT.DINV.CD,8000000000.000000,5.59002048893e-10
8877261,Germany,BN.KLT.DINV.CD,1.000000,8.70327941006e-09
8877261,Germany,BN.KLT.DINV.CD,4.000000,8.70327941802e-09
9293772,Malaysia,BN.KLT.DINV.CD,16000000000.000000,3.12896880143e-10
9293772,Malaysia,EG.ELC.PROD.KH,16000000000.000000,8.50991152726e-16
9706798,India,BN.KLT.DINV.CD,1200000000.000000,1.43561204554e-15
9706798,India,SP.POP.TOTL,1200000000.000000,90
9718028,Jordan,BN.KLT.DINV.CD,2200000000.000000,2.32745369437e-12
9788127,Finland,BN.KLT.DINV.CD,2114359168.000000,90
9788127,Finland,BN.KLT.DINV.CD,4020.000000,90
9823464,US,BN.KLT.DINV.CD,35.000000,7.84770290689e-10
9823464,US,BN.KLT.DINV.CD,2009.000000,7.84770650021e-10
9823464,US,BN.KLT.DINV.CD,1350000000.000000,1.05899217194e-09
10598158,Qatar,BN.KLT.DINV.CD,510000000.000000,8.92757187952e-10
10598158,Qatar,EG.ELC.PROD.KH,510000000.000000,3.1342492521e-15
10598158,Qatar,BN.KLT.DINV.CD,90000000.000000,5.62833584283e-10
10598158,Qatar,EG.ELC.PROD.KH,90000000.000000,3.13424924281e-15
10602901,Nicaragua,BN.KLT.DINV.CD,550.000000,2.06135843959e-09
10602901,Nicaragua,BN.KLT.DINV.CD,1500.000000,2.06133622729e-09
10602901,Nicaragua,BN.KLT.DINV.CD,2.000000,2.06137125268e-09
10631100,Bulgaria,BN.KLT.DINV.CD,160934.406250,1.02477491851e-08
10631100,Bulgaria,BN.KLT.DINV.CD,160000.000000,1.02477503687e-08
10631100,Bulgaria,BN.KLT.DINV.CD,35000000512.000000,7.79368249392e-32
10631100,Bulgaria,BN.KLT.DINV.CD,49999998976.000000,9.53700971591e-55
